,in_degree,out_degree,num_descendants,longest_descendant_path,in_degree_betweenness_centrality,out_degree_betweenness_centrality,trophic_levels
0,0,3,4,2,0.0,0.6000000000000001,1.0
1,0,0,1,0,0.0,0.0,1.0
2,0,1,2,1,0.0,0.2,1.0
3,2,0,1,0,0.4,0.0,2.0
4,1,1,2,1,0.2,0.2,2.0
5,2,0,1,0,0.4,0.0,2.5
6,0,2,3,1,0.0,0.4,1.0
7,0,2,3,1,0.0,0.4,1.0
8,2,0,1,0,0.4,0.0,2.0
9,1,0,1,0,0.2,0.0,2.0
10,1,0,1,0,0.2,0.0,2.0
11,0,0,1,0,0.0,0.0,1.0
12,0,1,4,2,0.0,0.2,1.0
13,0,2,3,1,0.0,0.4,1.0
14,0,0,1,0,0.0,0.0,1.0
15,1,2,3,1,0.2,0.4,2.0
16,2,0,1,0,0.4,0.0,2.5
17,2,0,1,0,0.4,0.0,2.5
18,0,2,3,1,0.0,0.4,1.0
19,1,0,1,0,0.2,0.0,2.0
20,1,0,1,0,0.2,0.0,2.0
21,0,1,3,2,0.0,0.2,1.0
22,1,1,2,1,0.2,0.2,2.0
23,1,0,1,0,0.2,0.0,3.0
24,0,1,3,2,0.0,0.2,1.0
25,0,0,1,0,0.0,0.0,1.0
26,0,1,3,2,0.0,0.2,1.0
27,0,1,2,1,0.0,0.2,1.0
28,2,1,2,1,0.4,0.2,2.0
29,2,0,1,0,0.4,0.0,2.5
30,0,2,5,2,0.0,0.3333333333333333,1.0
31,0,3,4,2,0.0,0.5,1.0
32,1,0,1,0,0.16666666666666666,0.0,2.0
33,2,2,3,1,0.3333333333333333,0.3333333333333333,2.0
34,0,1,2,1,0.0,0.16666666666666666,1.0
35,2,0,1,0,0.3333333333333333,0.0,2.5
36,3,0,1,0,0.5,0.0,2.333333333333333
37,0,1,2,1,0.0,0.16666666666666666,1.0
38,0,2,4,2,0.0,0.3333333333333333,1.0
39,0,1,3,2,0.0,0.16666666666666666,1.0
40,1,0,1,0,0.16666666666666666,0.0,2.0
41,2,1,2,1,0.3333333333333333,0.16666666666666666,2.0
42,1,0,1,0,0.16666666666666666,0.0,3.0
43,1,0,1,0,0.16666666666666666,0.0,2.0
44,0,2,3,1,0.0,0.3333333333333333,1.0
45,0,0,1,0,0.0,0.0,1.0
46,0,1,2,1,0.0,0.16666666666666666,1.0
47,0,0,1,0,0.0,0.0,1.0
48,2,0,1,0,0.3333333333333333,0.0,2.0
49,0,0,1,0,0.0,0.0,1.0
50,1,0,1,0,0.16666666666666666,0.0,2.0
51,0,2,4,2,0.0,0.3333333333333333,1.0
52,0,2,3,2,0.0,0.3333333333333333,1.0
53,0,0,1,0,0.0,0.0,1.0
54,1,1,2,1,0.16666666666666666,0.16666666666666666,2.0
55,2,1,2,1,0.3333333333333333,0.16666666666666666,2.0
56,0,0,1,0,0.0,0.0,1.0
57,3,0,1,0,0.5,0.0,2.6666666666666665
58,0,1,3,2,0.0,0.16666666666666666,1.0
59,0,2,3,1,0.0,0.3333333333333333,1.0
60,0,0,1,0,0.0,0.0,1.0
61,1,1,2,1,0.16666666666666666,0.16666666666666666,2.0
62,1,0,1,0,0.16666666666666666,0.0,2.0
63,1,0,1,0,0.16666666666666666,0.0,2.0
64,1,0,1,0,0.16666666666666666,0.0,3.0
65,0,0,1,0,0.0,0.0,1.0
66,0,1,2,1,0.0,0.14285714285714285,1.0
67,0,1,3,2,0.0,0.14285714285714285,1.0
68,0,1,2,1,0.0,0.14285714285714285,1.0
69,1,0,1,0,0.14285714285714285,0.0,2.0
70,1,1,2,1,0.14285714285714285,0.14285714285714285,2.0
71,2,0,1,0,0.2857142857142857,0.0,2.5
72,0,0,1,0,0.0,0.0,1.0
73,0,2,5,3,0.0,0.2857142857142857,1.0
74,0,4,5,3,0.0,0.5714285714285714,1.0
75,2,1,3,2,0.2857142857142857,0.14285714285714285,2.0
76,1,1,3,2,0.14285714285714285,0.14285714285714285,2.0
77,1,2,3,2,0.14285714285714285,0.2857142857142857,2.0
78,0,0,1,0,0.0,0.0,1.0
79,4,1,2,1,0.5714285714285714,0.14285714285714285,2.75
80,3,0,1,0,0.42857142857142855,0.0,2.9166666666666665
81,0,1,2,1,0.0,0.14285714285714285,1.0
82,0,1,2,1,0.0,0.14285714285714285,1.0
83,0,1,2,1,0.0,0.14285714285714285,1.0
84,0,1,4,2,0.0,0.14285714285714285,1.0
85,2,0,1,0,0.2857142857142857,0.0,2.0
86,1,2,3,1,0.14285714285714285,0.2857142857142857,2.0
87,1,0,1,0,0.14285714285714285,0.0,3.0
88,2,0,1,0,0.2857142857142857,0.0,2.5
89,0,2,5,2,0.0,0.2857142857142857,1.0
90,1,1,2,1,0.14285714285714285,0.14285714285714285,2.0
91,0,2,3,1,0.0,0.2857142857142857,1.0
92,0,0,1,0,0.0,0.0,1.0
93,1,2,3,1,0.14285714285714285,0.2857142857142857,2.0
94,0,1,2,1,0.0,0.14285714285714285,1.0
95,2,0,1,0,0.2857142857142857,0.0,2.5
96,4,0,1,0,0.5714285714285714,0.0,2.5
97,0,1,3,2,0.0,0.14285714285714285,1.0
98,0,2,5,3,0.0,0.2857142857142857,1.0
99,1,3,4,2,0.14285714285714285,0.42857142857142855,2.0
100,1,1,2,1,0.14285714285714285,0.14285714285714285,2.0
101,2,0,1,0,0.2857142857142857,0.0,2.5
102,1,1,2,1,0.14285714285714285,0.14285714285714285,3.0
103,3,0,1,0,0.42857142857142855,0.0,3.333333333333333
104,0,0,1,0,0.0,0.0,1.0
105,0,1,3,2,0.0,0.125,1.0
106,0,3,4,2,0.0,0.375,1.0
107,0,3,6,3,0.0,0.375,1.0
108,1,2,4,2,0.125,0.25,2.0
109,1,3,4,2,0.125,0.375,2.0
110,0,1,3,2,0.0,0.125,1.0
111,3,0,1,0,0.375,0.0,2.6666666666666665
112,5,1,2,1,0.625,0.125,2.4
113,4,0,1,0,0.5,0.0,2.6
114,0,3,4,2,0.0,0.375,1.0
115,0,2,8,3,0.0,0.25,1.0
116,1,5,6,2,0.125,0.625,2.0
117,1,2,3,1,0.125,0.25,3.0
118,1,1,2,1,0.125,0.125,3.0
119,4,0,1,0,0.5,0.0,3.25
120,2,1,2,1,0.25,0.125,2.5
121,1,0,1,0,0.125,0.0,2.0
122,4,0,1,0,0.5,0.0,3.125
123,0,0,1,0,0.0,0.0,1.0
124,0,2,5,3,0.0,0.25,1.0
125,0,2,4,2,0.0,0.25,1.0
126,1,2,4,2,0.125,0.25,2.0
127,3,1,2,1,0.375,0.125,2.333333333333333
128,0,1,2,1,0.0,0.125,1.0
129,2,1,2,1,0.25,0.125,2.5
130,1,0,1,0,0.125,0.0,2.0
131,2,0,1,0,0.25,0.0,3.4166666666666665
132,0,1,2,1,0.0,0.125,1.0
133,0,0,1,0,0.0,0.0,1.0
134,0,2,3,2,0.0,0.25,1.0
135,0,1,3,2,0.0,0.125,1.0
136,2,1,2,1,0.25,0.125,2.0
137,1,0,1,0,0.125,0.0,2.0
138,0,0,1,0,0.0,0.0,1.0
139,2,0,1,0,0.25,0.0,2.5
140,0,0,1,0,0.0,0.0,1.0
141,0,0,1,0,0.0,0.0,1.0
142,0,5,7,3,0.0,0.625,1.0
143,1,1,3,2,0.125,0.125,2.0
144,2,1,2,1,0.25,0.125,2.5
145,0,0,1,0,0.0,0.0,1.0
146,1,0,1,0,0.125,0.0,2.0
147,1,0,1,0,0.125,0.0,2.0
148,1,0,1,0,0.125,0.0,3.5
149,1,0,1,0,0.125,0.0,2.0
150,0,1,2,1,0.0,0.1111111111111111,1.0
151,0,2,5,3,0.0,0.2222222222222222,1.0
152,0,2,4,2,0.0,0.2222222222222222,1.0
153,0,3,4,3,0.0,0.3333333333333333,1.0
154,1,1,2,1,0.1111111111111111,0.1111111111111111,2.0
155,2,1,3,2,0.2222222222222222,0.1111111111111111,2.0
156,2,1,2,1,0.2222222222222222,0.1111111111111111,2.5
157,3,0,1,0,0.3333333333333333,0.0,2.333333333333333
158,2,0,1,0,0.2222222222222222,0.0,2.75
159,1,0,1,0,0.1111111111111111,0.0,2.0
160,0,6,8,4,0.0,0.6666666666666666,1.0
161,1,3,4,3,0.1111111111111111,0.3333333333333333,2.0
162,0,1,2,1,0.0,0.1111111111111111,1.0
163,0,1,3,2,0.0,0.1111111111111111,1.0
164,1,1,2,1,0.1111111111111111,0.1111111111111111,2.0
165,2,1,3,2,0.2222222222222222,0.1111111111111111,2.5
166,4,1,2,1,0.4444444444444444,0.1111111111111111,2.625
167,2,0,1,0,0.2222222222222222,0.0,2.5
168,3,0,1,0,0.3333333333333333,0.0,2.875
169,1,0,1,0,0.1111111111111111,0.0,2.0
170,0,3,4,1,0.0,0.3333333333333333,1.0
171,0,1,2,1,0.0,0.1111111111111111,1.0
172,0,2,8,4,0.0,0.2222222222222222,1.0
173,1,2,7,3,0.1111111111111111,0.2222222222222222,2.0
174,1,4,5,2,0.1111111111111111,0.4444444444444444,3.0
175,1,2,5,2,0.1111111111111111,0.2222222222222222,3.0
176,2,2,3,1,0.2222222222222222,0.2222222222222222,4.0
177,3,0,1,0,0.3333333333333333,0.0,3.6666666666666665
178,4,0,1,0,0.4444444444444444,0.0,3.25
179,4,0,1,0,0.4444444444444444,0.0,3.0
180,0,3,6,3,0.0,0.3333333333333333,1.0
181,0,1,3,2,0.0,0.1111111111111111,1.0
182,0,0,1,0,0.0,0.0,1.0
183,1,2,5,2,0.1111111111111111,0.2222222222222222,2.0
184,2,1,2,1,0.2222222222222222,0.1111111111111111,2.5
185,0,4,5,2,0.0,0.4444444444444444,1.0
186,2,2,3,1,0.2222222222222222,0.2222222222222222,2.5
187,2,1,2,1,0.2222222222222222,0.1111111111111111,2.0
188,4,0,1,0,0.4444444444444444,0.0,2.625
189,3,0,1,0,0.3333333333333333,0.0,3.0
190,0,3,5,3,0.0,0.3333333333333333,1.0
191,0,2,5,3,0.0,0.2222222222222222,1.0
192,2,1,4,2,0.2222222222222222,0.1111111111111111,2.0
193,0,4,6,2,0.0,0.4444444444444444,1.0
194,1,2,3,1,0.1111111111111111,0.2222222222222222,2.0
195,3,2,3,1,0.3333333333333333,0.2222222222222222,2.333333333333333
196,0,2,4,2,0.0,0.2222222222222222,1.0
197,2,1,2,1,0.2222222222222222,0.1111111111111111,2.0
198,5,0,1,0,0.5555555555555556,0.0,2.666666666666667
199,4,0,1,0,0.4444444444444444,0.0,2.583333333333333
200,0,2,6,3,0.0,0.2,1.0
201,0,2,5,2,0.0,0.2,1.0
202,1,3,4,1,0.1,0.30000000000000004,2.0
203,0,2,4,2,0.0,0.2,1.0
204,1,2,5,2,0.1,0.2,2.0
205,1,0,1,0,0.1,0.0,3.0
206,1,1,2,1,0.1,0.1,3.0
207,3,1,2,1,0.30000000000000004,0.1,2.333333333333333
208,3,0,1,0,0.30000000000000004,0.0,3.0
209,2,0,1,0,0.2,0.0,2.5
210,1,0,1,0,0.1,0.0,3.3333333333333335
211,0,5,6,2,0.0,0.5,1.0
212,0,5,6,3,0.0,0.5,1.0
213,0,3,6,3,0.0,0.30000000000000004,1.0
214,2,0,1,0,0.2,0.0,2.0
215,1,1,3,2,0.1,0.1,2.0
216,3,1,2,1,0.30000000000000004,0.1,2.333333333333333
217,1,1,3,2,0.1,0.1,2.0
218,0,1,2,1,0.0,0.1,1.0
219,3,0,1,0,0.30000000000000004,0.0,2.0
220,4,1,2,1,0.4,0.1,2.25
221,4,0,1,0,0.4,0.0,2.645833333333333
222,0,4,8,3,0.0,0.4,1.0
223,0,2,5,3,0.0,0.2,1.0
224,0,2,3,1,0.0,0.2,1.0
225,1,4,5,2,0.1,0.4,2.0
226,2,0,1,0,0.2,0.0,2.5
227,2,2,4,2,0.2,0.2,2.0
228,2,1,2,1,0.2,0.1,2.5
229,3,1,2,1,0.30000000000000004,0.1,2.6666666666666665
230,1,0,1,0,0.1,0.0,3.0
231,0,1,2,1,0.0,0.1,1.0
232,6,0,1,0,0.6000000000000001,0.0,2.694444444444444
233,0,4,7,3,0.0,0.4,1.0
234,0,1,2,1,0.0,0.1,1.0
235,0,1,4,3,0.0,0.1,1.0
236,1,1,3,2,0.1,0.1,2.0
237,1,3,5,2,0.1,0.30000000000000004,2.0
238,3,1,2,1,0.30000000000000004,0.1,2.6666666666666665
239,4,0,1,0,0.4,0.0,2.6666666666666665
240,1,1,2,1,0.1,0.1,3.0
241,1,0,1,0,0.1,0.0,2.0
242,0,1,2,1,0.0,0.1,1.0
243,2,0,1,0,0.2,0.0,3.0
244,0,4,8,5,0.0,0.4,1.0
245,1,2,7,4,0.1,0.2,2.0
246,0,0,1,0,0.0,0.0,1.0
247,0,2,6,4,0.0,0.2,1.0
248,1,3,6,3,0.1,0.30000000000000004,3.0
249,2,0,1,0,0.2,0.0,3.0
250,1,3,5,3,0.1,0.30000000000000004,2.0
251,4,2,4,2,0.4,0.2,3.0
252,3,2,3,1,0.30000000000000004,0.2,3.0
253,2,0,1,0,0.2,0.0,3.5
254,4,0,1,0,0.4,0.0,3.5
255,0,1,9,5,0.0,0.09090909090909091,1.0
256,0,3,9,5,0.0,0.2727272727272727,1.0
257,0,4,6,3,0.0,0.36363636363636365,1.0
258,2,3,8,4,0.18181818181818182,0.2727272727272727,2.0
259,0,1,4,2,0.0,0.09090909090909091,1.0
260,1,2,6,3,0.09090909090909091,0.18181818181818182,3.0
261,3,1,4,2,0.2727272727272727,0.09090909090909091,2.6666666666666665
262,3,2,3,1,0.2727272727272727,0.18181818181818182,2.5555555555555554
263,3,0,1,0,0.2727272727272727,0.0,3.0
264,2,0,1,0,0.18181818181818182,0.0,2.7777777777777777
265,1,0,1,0,0.09090909090909091,0.0,3.0
266,2,0,1,0,0.18181818181818182,0.0,2.7777777777777777
267,0,4,10,4,0.0,0.36363636363636365,1.0
268,0,3,5,3,0.0,0.2727272727272727,1.0
269,1,3,7,3,0.09090909090909091,0.2727272727272727,2.0
270,1,3,4,3,0.09090909090909091,0.2727272727272727,2.0
271,2,1,3,2,0.18181818181818182,0.09090909090909091,2.0
272,1,2,3,1,0.09090909090909091,0.18181818181818182,3.0
273,3,2,3,2,0.2727272727272727,0.18181818181818182,2.6666666666666665
274,3,1,2,1,0.2727272727272727,0.09090909090909091,3.2222222222222223
275,1,0,1,0,0.09090909090909091,0.0,3.0
276,0,0,1,0,0.0,0.0,1.0
277,1,0,1,0,0.09090909090909091,0.0,4.0
278,6,0,1,0,0.5454545454545454,0.0,3.148148148148148
279,0,5,10,4,0.0,0.4545454545454546,1.0
280,1,4,7,3,0.09090909090909091,0.36363636363636365,2.0
281,1,2,6,3,0.09090909090909091,0.18181818181818182,2.0
282,0,4,7,3,0.0,0.36363636363636365,1.0
283,3,1,2,1,0.2727272727272727,0.09090909090909091,2.333333333333333
284,0,2,4,2,0.0,0.18181818181818182,1.0
285,4,2,4,2,0.36363636363636365,0.18181818181818182,2.5
286,2,0,1,0,0.18181818181818182,0.0,2.5
287,2,1,2,1,0.18181818181818182,0.09090909090909091,2.75
288,2,1,2,1,0.18181818181818182,0.09090909090909091,2.5
289,4,0,1,0,0.36363636363636365,0.0,3.083333333333333
290,3,0,1,0,0.2727272727272727,0.0,2.916666666666667
291,0,5,10,4,0.0,0.4545454545454546,1.0
292,1,2,6,3,0.09090909090909091,0.18181818181818182,2.0
293,0,3,4,2,0.0,0.2727272727272727,1.0
294,0,2,5,2,0.0,0.18181818181818182,1.0
295,1,2,4,2,0.09090909090909091,0.18181818181818182,2.0
296,1,3,4,2,0.09090909090909091,0.2727272727272727,3.0
297,3,2,3,1,0.2727272727272727,0.18181818181818182,3.0
298,4,1,2,1,0.36363636363636365,0.09090909090909091,2.25
299,1,1,3,2,0.09090909090909091,0.09090909090909091,2.0
300,4,0,1,0,0.36363636363636365,0.0,3.25
301,2,1,2,1,0.18181818181818182,0.09090909090909091,2.5
302,5,0,1,0,0.4545454545454546,0.0,3.35
303,0,4,7,3,0.0,0.36363636363636365,1.0
304,0,5,9,3,0.0,0.4545454545454546,1.0
305,0,3,9,3,0.0,0.2727272727272727,1.0
306,3,4,6,2,0.2727272727272727,0.36363636363636365,2.0
307,3,1,2,1,0.2727272727272727,0.09090909090909091,2.333333333333333
308,2,1,2,1,0.18181818181818182,0.09090909090909091,2.0
309,2,0,1,0,0.18181818181818182,0.0,3.0
310,1,0,1,0,0.09090909090909091,0.0,3.0
311,1,1,2,1,0.09090909090909091,0.09090909090909091,2.0
312,3,0,1,0,0.2727272727272727,0.0,2.4444444444444446
313,3,0,1,0,0.2727272727272727,0.0,2.6666666666666665
314,1,0,1,0,0.09090909090909091,0.0,2.0
315,0,3,12,5,0.0,0.25,1.0
316,1,5,10,4,0.08333333333333333,0.41666666666666663,2.0
317,1,3,8,3,0.08333333333333333,0.25,3.0
318,0,3,4,2,0.0,0.25,1.0
319,3,2,5,2,0.25,0.16666666666666666,3.0
320,2,1,2,1,0.16666666666666666,0.08333333333333333,2.0
321,2,2,3,1,0.16666666666666666,0.16666666666666666,3.5
322,2,0,1,0,0.16666666666666666,0.0,3.75
323,2,0,1,0,0.16666666666666666,0.0,3.0
324,1,2,3,1,0.08333333333333333,0.16666666666666666,4.0
325,2,0,1,0,0.16666666666666666,0.0,4.5
326,1,1,2,1,0.08333333333333333,0.08333333333333333,3.0
327,5,0,1,0,0.41666666666666663,0.0,3.7
328,0,3,7,3,0.0,0.25,1.0
329,0,4,5,1,0.0,0.3333333333333333,1.0
330,0,4,11,4,0.0,0.3333333333333333,1.0
331,2,4,5,2,0.16666666666666666,0.3333333333333333,2.0
332,1,1,7,3,0.08333333333333333,0.08333333333333333,2.0
333,1,3,6,2,0.08333333333333333,0.25,3.0
334,2,3,4,1,0.16666666666666666,0.25,3.0
335,4,0,1,0,0.3333333333333333,0.0,3.25
336,3,0,1,0,0.25,0.0,2.6666666666666665
337,1,1,2,1,0.08333333333333333,0.08333333333333333,3.0
338,3,0,1,0,0.25,0.0,3.0
339,3,0,1,0,0.25,0.0,2.6666666666666665
340,3,0,1,0,0.25,0.0,3.0
341,0,0,1,0,0.0,0.0,1.0
342,0,6,11,4,0.0,0.5,1.0
343,0,3,8,4,0.0,0.25,1.0
344,2,3,6,3,0.16666666666666666,0.25,2.0
345,1,4,6,3,0.08333333333333333,0.3333333333333333,2.0
346,2,1,2,1,0.16666666666666666,0.08333333333333333,2.5
347,1,1,4,3,0.08333333333333333,0.08333333333333333,2.0
348,1,2,3,2,0.08333333333333333,0.16666666666666666,3.0
349,4,1,3,2,0.3333333333333333,0.08333333333333333,2.5
350,2,2,3,2,0.16666666666666666,0.16666666666666666,3.0
351,2,1,2,1,0.16666666666666666,0.08333333333333333,3.5
352,3,1,2,1,0.25,0.08333333333333333,3.1666666666666665
353,7,0,1,0,0.5833333333333333,0.0,3.595238095238095
354,0,3,9,7,0.0,0.25,1.0
355,0,5,8,7,0.0,0.41666666666666663,1.0
356,1,1,7,6,0.08333333333333333,0.08333333333333333,2.0
357,0,1,3,2,0.0,0.08333333333333333,1.0
358,1,3,7,6,0.08333333333333333,0.25,2.0
359,2,3,6,5,0.16666666666666666,0.25,2.5
360,1,3,7,6,0.08333333333333333,0.25,2.0
361,3,3,6,5,0.25,0.25,2.6666666666666665
362,3,2,5,4,0.25,0.16666666666666666,3.0555555555555554
363,4,1,4,3,0.3333333333333333,0.08333333333333333,3.1805555555555554
364,2,2,3,2,0.16666666666666666,0.16666666666666666,3.8402777777777777
365,7,1,2,1,0.5833333333333333,0.08333333333333333,3.294642857142857
366,4,0,1,0,0.3333333333333333,0.0,3.7837301587301586
367,0,1,6,3,0.0,0.08333333333333333,1.0
368,0,3,7,3,0.0,0.25,1.0
369,0,2,7,3,0.0,0.16666666666666666,1.0
370,0,4,7,3,0.0,0.3333333333333333,1.0
371,0,1,3,2,0.0,0.08333333333333333,1.0
372,2,1,2,1,0.16666666666666666,0.08333333333333333,2.0
373,4,3,5,2,0.3333333333333333,0.25,2.0
374,1,1,2,1,0.08333333333333333,0.08333333333333333,2.0
375,2,2,3,1,0.16666666666666666,0.16666666666666666,2.5
376,1,0,1,0,0.08333333333333333,0.0,2.0
377,4,0,1,0,0.3333333333333333,0.0,2.875
378,1,0,1,0,0.08333333333333333,0.0,3.5
379,3,0,1,0,0.25,0.0,2.6666666666666665
380,0,5,11,5,0.0,0.38461538461538464,1.0
381,0,5,9,4,0.0,0.38461538461538464,1.0
382,1,2,6,4,0.07692307692307693,0.15384615384615385,2.0
383,0,5,8,4,0.0,0.38461538461538464,1.0
384,2,3,5,3,0.15384615384615385,0.23076923076923078,2.0
385,3,1,4,3,0.23076923076923078,0.07692307692307693,2.333333333333333
386,1,4,7,3,0.07692307692307693,0.3076923076923077,2.0
387,5,2,3,2,0.38461538461538464,0.15384615384615385,2.666666666666667
388,2,2,3,2,0.15384615384615385,0.15384615384615385,3.0
389,3,2,3,1,0.23076923076923078,0.15384615384615385,2.333333333333333
390,4,1,2,1,0.3076923076923077,0.07692307692307693,3.1666666666666665
391,5,0,1,0,0.38461538461538464,0.0,3.4333333333333336
392,5,0,1,0,0.38461538461538464,0.0,2.466666666666667
393,1,0,1,0,0.07692307692307693,0.0,3.0
394,0,4,7,3,0.0,0.3076923076923077,1.0
395,0,8,11,4,0.0,0.6153846153846154,1.0
396,0,6,10,4,0.0,0.46153846153846156,1.0
397,2,1,5,3,0.15384615384615385,0.07692307692307693,2.0
398,2,0,1,0,0.15384615384615385,0.0,2.0
399,2,1,3,2,0.15384615384615385,0.07692307692307693,2.0
400,1,3,7,3,0.07692307692307693,0.23076923076923078,2.0
401,2,3,6,3,0.15384615384615385,0.23076923076923078,2.0
402,3,1,3,2,0.23076923076923078,0.07692307692307693,2.6666666666666665
403,3,2,4,2,0.23076923076923078,0.15384615384615385,2.6666666666666665
404,4,1,2,1,0.3076923076923077,0.07692307692307693,2.666666666666667
405,6,1,2,1,0.46153846153846156,0.07692307692307693,2.7777777777777777
406,3,1,2,1,0.23076923076923078,0.07692307692307693,2.5555555555555554
407,4,0,1,0,0.3076923076923077,0.0,3.25
408,0,3,13,7,0.0,0.23076923076923078,1.0
409,1,4,12,6,0.07692307692307693,0.3076923076923077,2.0
410,2,1,2,1,0.15384615384615385,0.07692307692307693,2.5
411,1,3,9,5,0.07692307692307693,0.23076923076923078,3.0
412,3,4,7,4,0.23076923076923078,0.3076923076923077,3.0
413,0,2,7,4,0.0,0.15384615384615385,1.0
414,2,4,6,3,0.15384615384615385,0.3076923076923077,3.0
415,2,1,3,2,0.15384615384615385,0.07692307692307693,3.0
416,1,1,2,1,0.07692307692307693,0.07692307692307693,3.0
417,1,0,1,0,0.07692307692307693,0.0,4.0
418,2,1,2,1,0.15384615384615385,0.07692307692307693,4.0
419,5,0,1,0,0.38461538461538464,0.0,4.1
420,1,0,1,0,0.07692307692307693,0.0,4.0
421,3,0,1,0,0.23076923076923078,0.0,4.0
422,0,6,13,6,0.0,0.46153846153846156,1.0
423,1,3,11,5,0.07692307692307693,0.23076923076923078,2.0
424,1,3,10,4,0.07692307692307693,0.23076923076923078,3.0
425,1,3,4,2,0.07692307692307693,0.23076923076923078,2.0
426,2,2,5,2,0.15384615384615385,0.15384615384615385,3.0
427,0,1,3,2,0.0,0.07692307692307693,1.0
428,2,0,1,0,0.15384615384615385,0.0,3.0
429,2,4,7,3,0.15384615384615385,0.3076923076923077,3.5
430,2,1,2,1,0.15384615384615385,0.07692307692307693,3.75
431,2,2,4,2,0.15384615384615385,0.15384615384615385,3.25
432,3,1,2,1,0.23076923076923078,0.07692307692307693,3.5
433,4,1,2,1,0.3076923076923077,0.07692307692307693,3.3125
434,2,0,1,0,0.15384615384615385,0.0,4.375
435,5,0,1,0,0.38461538461538464,0.0,3.9125000000000005
436,0,4,9,4,0.0,0.3076923076923077,1.0
437,1,1,3,2,0.07692307692307693,0.07692307692307693,2.0
438,0,3,7,3,0.0,0.23076923076923078,1.0
439,1,3,6,3,0.07692307692307693,0.23076923076923078,2.0
440,0,1,8,4,0.0,0.07692307692307693,1.0
441,2,1,2,1,0.15384615384615385,0.07692307692307693,2.5
442,1,2,7,3,0.07692307692307693,0.15384615384615385,2.0
443,0,2,7,3,0.0,0.15384615384615385,1.0
444,4,1,3,2,0.3076923076923077,0.07692307692307693,2.5
445,2,1,2,1,0.15384615384615385,0.07692307692307693,2.75
446,3,1,3,2,0.23076923076923078,0.07692307692307693,2.333333333333333
447,2,1,2,1,0.15384615384615385,0.07692307692307693,3.1666666666666665
448,2,0,1,0,0.15384615384615385,0.0,3.8333333333333335
449,3,0,1,0,0.23076923076923078,0.0,2.916666666666667
450,0,1,3,2,0.0,0.07142857142857142,1.0
451,0,4,9,2,0.0,0.2857142857142857,1.0
452,0,3,4,1,0.0,0.21428571428571427,1.0
453,0,3,6,2,0.0,0.21428571428571427,1.0
454,1,1,2,1,0.07142857142857142,0.07142857142857142,2.0
455,2,2,3,1,0.14285714285714285,0.14285714285714285,2.0
456,0,3,4,2,0.0,0.21428571428571427,1.0
457,0,1,3,2,0.0,0.07142857142857142,1.0
458,2,0,1,0,0.14285714285714285,0.0,2.5
459,3,0,1,0,0.21428571428571427,0.0,2.333333333333333
460,4,1,2,1,0.2857142857142857,0.07142857142857142,2.0
461,1,1,2,1,0.07142857142857142,0.07142857142857142,2.0
462,1,0,1,0,0.07142857142857142,0.0,2.0
463,5,0,1,0,0.3571428571428571,0.0,2.4
464,1,0,1,0,0.07142857142857142,0.0,3.0
465,0,4,11,5,0.0,0.2857142857142857,1.0
466,0,6,12,6,0.0,0.42857142857142855,1.0
467,1,3,7,3,0.07142857142857142,0.21428571428571427,2.0
468,1,3,9,5,0.07142857142857142,0.21428571428571427,2.0
469,2,4,8,4,0.14285714285714285,0.2857142857142857,2.5
470,2,4,6,3,0.14285714285714285,0.2857142857142857,2.75
471,1,4,5,2,0.07142857142857142,0.2857142857142857,3.75
472,4,0,1,0,0.2857142857142857,0.0,3.625
473,1,2,6,3,0.07142857142857142,0.14285714285714285,2.0
474,0,1,3,2,0.0,0.07142857142857142,1.0
475,3,2,4,2,0.21428571428571427,0.14285714285714285,2.6666666666666665
476,5,1,2,1,0.3571428571428571,0.07142857142857142,3.25
477,6,0,1,0,0.42857142857142855,0.0,3.6527777777777777
478,4,1,2,1,0.2857142857142857,0.07142857142857142,2.7916666666666665
479,5,0,1,0,0.3571428571428571,0.0,3.458333333333333
480,0,2,12,5,0.0,0.14285714285714285,1.0
481,0,7,13,5,0.0,0.5,1.0
482,2,3,11,4,0.14285714285714285,0.21428571428571427,2.0
483,0,1,2,1,0.0,0.07142857142857142,1.0
484,1,3,6,3,0.07142857142857142,0.21428571428571427,2.0
485,2,7,10,3,0.14285714285714285,0.5,2.5
486,2,3,5,2,0.14285714285714285,0.21428571428571427,3.25
487,1,2,4,2,0.07142857142857142,0.14285714285714285,3.5
488,2,3,4,2,0.14285714285714285,0.21428571428571427,2.75
489,5,0,1,0,0.3571428571428571,0.0,2.95
490,3,0,1,0,0.21428571428571427,0.0,2.5
491,2,2,3,1,0.14285714285714285,0.14285714285714285,3.375
492,2,1,2,1,0.14285714285714285,0.07142857142857142,4.375
493,4,0,1,0,0.2857142857142857,0.0,4.25
494,8,0,1,0,0.5714285714285714,0.0,3.546875
495,0,3,9,5,0.0,0.21428571428571427,1.0
496,0,4,10,5,0.0,0.2857142857142857,1.0
497,2,3,7,4,0.14285714285714285,0.21428571428571427,2.0
498,1,2,3,1,0.07142857142857142,0.14285714285714285,2.0
499,0,5,9,4,0.0,0.3571428571428571,1.0
500,1,1,2,1,0.07142857142857142,0.07142857142857142,2.0
501,1,3,6,3,0.07142857142857142,0.21428571428571427,3.0
502,0,4,7,4,0.0,0.2857142857142857,1.0
503,2,2,5,3,0.14285714285714285,0.14285714285714285,2.0
504,4,2,4,2,0.2857142857142857,0.14285714285714285,3.0
505,3,1,2,1,0.21428571428571427,0.07142857142857142,2.6666666666666665
506,4,2,3,1,0.2857142857142857,0.14285714285714285,3.0
507,7,0,1,0,0.5,0.0,3.0
508,3,0,1,0,0.21428571428571427,0.0,2.333333333333333
509,4,0,1,0,0.2857142857142857,0.0,3.1666666666666665
510,0,2,4,2,0.0,0.14285714285714285,1.0
511,0,4,10,4,0.0,0.2857142857142857,1.0
512,1,5,9,3,0.07142857142857142,0.3571428571428571,2.0
513,1,5,6,2,0.07142857142857142,0.3571428571428571,3.0
514,0,1,5,2,0.0,0.07142857142857142,1.0
515,0,4,5,1,0.0,0.2857142857142857,1.0
516,0,2,4,2,0.0,0.14285714285714285,1.0
517,3,1,2,1,0.21428571428571427,0.07142857142857142,3.0
518,3,2,3,1,0.21428571428571427,0.14285714285714285,2.333333333333333
519,6,0,1,0,0.42857142857142855,0.0,3.0555555555555554
520,1,3,4,1,0.07142857142857142,0.21428571428571427,2.0
521,4,0,1,0,0.2857142857142857,0.0,2.583333333333333
522,3,0,1,0,0.21428571428571427,0.0,2.6666666666666665
523,5,0,1,0,0.3571428571428571,0.0,2.8
524,2,0,1,0,0.14285714285714285,0.0,3.5
525,0,6,13,5,0.0,0.4,1.0
526,0,8,12,5,0.0,0.5333333333333333,1.0
527,1,4,9,4,0.06666666666666667,0.26666666666666666,2.0
528,2,2,7,3,0.13333333333333333,0.13333333333333333,2.0
529,1,5,10,4,0.06666666666666667,0.3333333333333333,2.0
530,2,1,2,1,0.13333333333333333,0.06666666666666667,2.5
531,1,2,7,3,0.06666666666666667,0.13333333333333333,2.0
532,4,2,7,3,0.26666666666666666,0.13333333333333333,2.5
533,4,4,6,2,0.26666666666666666,0.26666666666666666,2.875
534,1,2,6,2,0.06666666666666667,0.13333333333333333,3.0
535,6,4,5,1,0.4,0.26666666666666666,2.9791666666666665
536,2,1,2,1,0.13333333333333333,0.06666666666666667,2.5
537,2,0,1,0,0.13333333333333333,0.0,2.989583333333333
538,7,0,1,0,0.4666666666666667,0.0,3.264880952380952
539,4,0,1,0,0.26666666666666666,0.0,3.4635416666666665
540,4,0,1,0,0.26666666666666666,0.0,3.8385416666666665
541,0,6,14,7,0.0,0.4,1.0
542,1,4,10,6,0.06666666666666667,0.26666666666666666,2.0
543,1,4,8,4,0.06666666666666667,0.26666666666666666,2.0
544,1,4,9,5,0.06666666666666667,0.26666666666666666,3.0
545,1,2,5,3,0.06666666666666667,0.13333333333333333,3.0
546,3,3,7,4,0.2,0.2,3.0
547,4,2,4,3,0.26666666666666666,0.13333333333333333,3.25
548,0,2,3,2,0.0,0.13333333333333333,1.0
549,0,1,2,1,0.0,0.06666666666666667,1.0
550,2,2,4,2,0.13333333333333333,0.13333333333333333,3.5
551,3,1,3,2,0.2,0.06666666666666667,3.75
552,2,1,2,1,0.13333333333333333,0.06666666666666667,2.5
553,5,0,1,0,0.3333333333333333,0.0,3.4000000000000004
554,4,1,2,1,0.26666666666666666,0.06666666666666667,4.375
555,3,0,1,0,0.2,0.0,3.125
556,3,0,1,0,0.2,0.0,3.333333333333333
557,0,3,12,6,0.0,0.2,1.0
558,0,4,8,5,0.0,0.26666666666666666,1.0
559,1,1,8,5,0.06666666666666667,0.06666666666666667,2.0
560,0,5,11,6,0.0,0.3333333333333333,1.0
561,2,3,8,5,0.13333333333333333,0.2,2.0
562,1,3,8,4,0.06666666666666667,0.2,2.0
563,3,3,7,4,0.2,0.2,2.6666666666666665
564,2,2,5,3,0.13333333333333333,0.13333333333333333,2.5
565,1,2,4,2,0.06666666666666667,0.13333333333333333,2.0
566,3,2,6,3,0.2,0.13333333333333333,2.888888888888889
567,0,2,5,3,0.0,0.13333333333333333,1.0
568,6,2,4,2,0.4,0.13333333333333333,2.8981481481481484
569,3,3,4,2,0.2,0.2,2.6296296296296298
570,5,1,2,1,0.3333333333333333,0.06666666666666667,2.905555555555556
571,3,0,1,0,0.2,0.0,3.7339506172839503
572,6,0,1,0,0.4,0.0,3.4490740740740744
573,0,5,15,9,0.0,0.3333333333333333,1.0
574,1,3,13,8,0.06666666666666667,0.2,2.0
575,0,4,11,6,0.0,0.26666666666666666,1.0
576,2,4,12,7,0.13333333333333333,0.26666666666666666,2.5
577,2,3,9,5,0.13333333333333333,0.2,2.0
578,1,4,11,6,0.06666666666666667,0.26666666666666666,3.5
579,3,4,9,5,0.2,0.26666666666666666,3.6666666666666665
580,3,6,8,4,0.2,0.4,2.888888888888889
581,2,5,8,4,0.13333333333333333,0.3333333333333333,3.75
582,4,4,5,3,0.26666666666666666,0.26666666666666666,4.076388888888889
583,2,3,4,2,0.13333333333333333,0.2,4.038194444444445
584,5,0,1,0,0.3333333333333333,0.0,4.261111111111111
585,5,1,2,1,0.3333333333333333,0.06666666666666667,4.1506944444444445
586,5,1,2,1,0.3333333333333333,0.06666666666666667,3.8006944444444444
587,3,0,1,0,0.2,0.0,4.046296296296296
588,9,0,1,0,0.6,0.0,4.430169753086419
589,0,5,15,6,0.0,0.3333333333333333,1.0
590,1,4,11,4,0.06666666666666667,0.26666666666666666,2.0
591,1,5,9,3,0.06666666666666667,0.3333333333333333,3.0
592,1,2,12,5,0.06666666666666667,0.13333333333333333,2.0
593,1,2,9,4,0.06666666666666667,0.13333333333333333,3.0
594,3,4,5,2,0.2,0.26666666666666666,3.333333333333333
595,1,3,8,3,0.06666666666666667,0.2,4.0
596,2,1,3,2,0.13333333333333333,0.06666666666666667,4.0
597,4,1,2,1,0.26666666666666666,0.06666666666666667,3.833333333333333
598,4,3,5,2,0.26666666666666666,0.2,4.0
599,0,3,6,2,0.0,0.2,1.0
600,3,1,2,1,0.2,0.06666666666666667,3.444444444444444
601,2,1,2,1,0.13333333333333333,0.06666666666666667,3.5
602,4,1,2,1,0.26666666666666666,0.06666666666666667,3.25
603,6,0,1,0,0.4,0.0,4.212962962962963
604,3,0,1,0,0.2,0.0,4.472222222222222
605,0,5,17,12,0.0,0.3125,1.0
606,1,8,16,11,0.0625,0.5,2.0
607,2,3,15,10,0.125,0.1875,2.5
608,2,3,6,3,0.125,0.1875,2.75
609,2,3,13,9,0.125,0.1875,3.25
610,1,3,12,8,0.0625,0.1875,4.25
611,2,5,11,7,0.125,0.3125,4.125
612,3,2,9,6,0.1875,0.125,4.125
613,3,1,8,5,0.1875,0.0625,4.833333333333333
614,2,3,7,4,0.125,0.1875,4.416666666666666
615,1,2,6,3,0.0625,0.125,5.416666666666666
616,4,1,4,2,0.25,0.0625,4.885416666666666
617,2,2,3,1,0.125,0.125,5.651041666666666
618,4,0,1,0,0.25,0.0,4.572916666666667
619,2,0,1,0,0.125,0.0,4.0625
620,4,0,1,0,0.25,0.0,4.631510416666667
621,6,0,1,0,0.375,0.0,4.302951388888888
622,0,7,15,7,0.0,0.4375,1.0
623,1,7,14,6,0.0625,0.4375,2.0
624,1,2,6,3,0.0625,0.125,3.0
625,0,4,10,5,0.0,0.25,1.0
626,1,5,12,5,0.0625,0.3125,3.0
627,3,2,5,2,0.1875,0.125,3.0
628,3,3,9,4,0.1875,0.1875,3.0
629,0,1,4,2,0.0,0.0625,1.0
630,5,2,3,1,0.3125,0.125,3.2
631,2,2,6,3,0.125,0.125,4.0
632,3,2,4,3,0.1875,0.125,2.6666666666666665
633,3,2,4,2,0.1875,0.125,3.6666666666666665
634,2,1,3,2,0.125,0.0625,4.333333333333333
635,2,1,2,1,0.125,0.0625,3.5
636,7,0,1,0,0.4375,0.0,3.4809523809523806
637,5,1,2,1,0.3125,0.0625,3.8
638,4,0,1,0,0.25,0.0,3.666666666666667
639,0,5,11,5,0.0,0.3125,1.0
640,1,7,10,4,0.0625,0.4375,2.0
641,0,3,11,5,0.0,0.1875,1.0
642,2,4,9,3,0.125,0.25,2.5
643,1,4,9,4,0.0625,0.25,2.0
644,2,2,4,2,0.125,0.125,3.25
645,0,5,8,4,0.0,0.3125,1.0
646,2,1,5,3,0.125,0.0625,2.5
647,5,2,4,2,0.3125,0.125,2.8
648,2,2,5,2,0.125,0.125,2.5
649,1,0,1,0,0.0625,0.0,2.0
650,4,1,2,1,0.25,0.0625,3.0625
651,4,2,4,2,0.25,0.125,2.625
652,4,1,2,1,0.25,0.0625,3.075
653,4,2,3,1,0.25,0.125,3.40625
654,5,0,1,0,0.3125,0.0,3.6712499999999997
655,4,0,1,0,0.25,0.0,3.8171875
656,0,6,11,4,0.0,0.375,1.0
657,0,3,11,4,0.0,0.1875,1.0
658,0,3,14,5,0.0,0.1875,1.0
659,1,7,13,4,0.0625,0.4375,2.0
660,2,5,8,2,0.125,0.3125,2.5
661,2,3,4,1,0.125,0.1875,2.75
662,6,0,1,0,0.375,0.0,2.7083333333333335
663,3,2,6,3,0.1875,0.125,2.333333333333333
664,2,1,4,2,0.125,0.0625,3.1666666666666665
665,1,0,1,0,0.0625,0.0,2.0
666,1,1,2,1,0.0625,0.0625,3.0
667,1,2,5,2,0.0625,0.125,3.0
668,3,2,3,1,0.1875,0.125,3.8888888888888884
669,2,0,1,0,0.125,0.0,4.194444444444445
670,4,0,1,0,0.25,0.0,3.4375
671,3,0,1,0,0.1875,0.0,2.9444444444444446
672,4,0,1,0,0.25,0.0,3.4097222222222223
673,0,2,15,5,0.0,0.11764705882352941,1.0
674,0,7,16,7,0.0,0.4117647058823529,1.0
675,1,7,15,6,0.058823529411764705,0.4117647058823529,2.0
676,2,6,14,5,0.11764705882352941,0.3529411764705882,2.5
677,1,5,13,4,0.058823529411764705,0.29411764705882354,2.0
678,3,5,12,4,0.1764705882352941,0.29411764705882354,2.833333333333333
679,5,4,11,3,0.29411764705882354,0.23529411764705882,3.066666666666667
680,3,5,8,2,0.1764705882352941,0.29411764705882354,3.3
681,2,2,4,2,0.11764705882352941,0.11764705882352941,3.533333333333333
682,3,1,2,1,0.1764705882352941,0.058823529411764705,3.1666666666666665
683,2,2,3,1,0.11764705882352941,0.11764705882352941,3.65
684,3,0,1,0,0.1764705882352941,0.0,3.4333333333333336
685,3,1,2,1,0.1764705882352941,0.058823529411764705,3.611111111111111
686,3,0,1,0,0.1764705882352941,0.0,4.177777777777777
687,4,0,1,0,0.23529411764705882,0.0,3.2875
688,5,0,1,0,0.29411764705882354,0.0,3.918888888888889
689,3,0,1,0,0.1764705882352941,0.0,3.4555555555555553
690,4,0,1,0,0.23529411764705882,0.0,3.925
691,0,6,16,7,0.0,0.3529411764705882,1.0
692,0,5,15,7,0.0,0.29411764705882354,1.0
693,2,6,13,6,0.11764705882352941,0.3529411764705882,2.0
694,1,4,10,5,0.058823529411764705,0.23529411764705882,3.0
695,0,5,7,3,0.0,0.29411764705882354,1.0
696,2,2,10,5,0.11764705882352941,0.11764705882352941,2.5
697,2,2,3,2,0.11764705882352941,0.11764705882352941,2.0
698,3,2,8,4,0.1764705882352941,0.11764705882352941,3.5
699,3,2,7,3,0.1764705882352941,0.11764705882352941,3.833333333333333
700,2,3,4,2,0.11764705882352941,0.1764705882352941,3.5
701,2,1,4,3,0.11764705882352941,0.058823529411764705,2.75
702,5,2,3,2,0.29411764705882354,0.11764705882352941,3.816666666666667
703,4,1,3,2,0.23529411764705882,0.058823529411764705,2.958333333333333
704,2,0,1,0,0.11764705882352941,0.0,2.0
705,3,1,2,1,0.1764705882352941,0.058823529411764705,4.105555555555556
706,2,1,2,1,0.11764705882352941,0.058823529411764705,2.9791666666666665
707,6,0,1,0,0.3529411764705882,0.0,3.5703703703703704
708,4,0,1,0,0.23529411764705882,0.0,3.119791666666667
709,0,6,12,7,0.0,0.3529411764705882,1.0
710,0,6,15,6,0.0,0.3529411764705882,1.0
711,1,2,11,6,0.058823529411764705,0.11764705882352941,2.0
712,0,1,6,4,0.0,0.058823529411764705,1.0
713,3,4,10,5,0.1764705882352941,0.23529411764705882,2.333333333333333
714,1,7,10,4,0.058823529411764705,0.4117647058823529,2.0
715,1,3,6,3,0.058823529411764705,0.1764705882352941,3.0
716,2,2,7,4,0.11764705882352941,0.11764705882352941,2.6666666666666665
717,2,3,6,3,0.11764705882352941,0.1764705882352941,2.833333333333333
718,1,1,2,1,0.058823529411764705,0.058823529411764705,2.0
719,3,3,4,2,0.1764705882352941,0.1764705882352941,3.7222222222222223
720,2,4,5,3,0.11764705882352941,0.23529411764705882,2.5
721,3,1,4,3,0.1764705882352941,0.058823529411764705,2.7777777777777777
722,5,1,2,1,0.29411764705882354,0.058823529411764705,3.166666666666667
723,4,2,3,2,0.23529411764705882,0.11764705882352941,3.0694444444444446
724,4,1,2,1,0.23529411764705882,0.058823529411764705,3.8229166666666665
725,8,0,1,0,0.47058823529411764,0.0,3.4444444444444446
726,7,0,1,0,0.4117647058823529,0.0,3.8258928571428568
727,0,5,17,8,0.0,0.29411764705882354,1.0
728,0,5,15,8,0.0,0.29411764705882354,1.0
729,2,4,14,7,0.11764705882352941,0.23529411764705882,2.0
730,1,5,11,5,0.058823529411764705,0.29411764705882354,2.0
731,2,4,13,6,0.11764705882352941,0.23529411764705882,2.5
732,2,3,11,5,0.11764705882352941,0.1764705882352941,3.25
733,2,2,7,4,0.11764705882352941,0.11764705882352941,3.125
734,3,2,8,4,0.1764705882352941,0.11764705882352941,2.833333333333333
735,1,2,5,3,0.058823529411764705,0.11764705882352941,3.0
736,3,4,7,3,0.1764705882352941,0.23529411764705882,3.3611111111111107
737,3,1,2,1,0.1764705882352941,0.058823529411764705,3.4953703703703702
738,3,2,4,2,0.1764705882352941,0.11764705882352941,3.75
739,2,2,4,3,0.11764705882352941,0.11764705882352941,3.0625
740,2,1,2,1,0.11764705882352941,0.058823529411764705,3.9305555555555554
741,3,1,3,2,0.1764705882352941,0.058823529411764705,3.8078703703703702
742,6,0,1,0,0.3529411764705882,0.0,3.513117283950617
743,4,1,2,1,0.23529411764705882,0.058823529411764705,4.22974537037037
744,5,0,1,0,0.29411764705882354,0.0,4.344560185185186
745,0,8,16,9,0.0,0.47058823529411764,1.0
746,1,6,13,8,0.058823529411764705,0.3529411764705882,2.0
747,1,3,12,7,0.058823529411764705,0.1764705882352941,3.0
748,1,4,10,6,0.058823529411764705,0.23529411764705882,2.0
749,3,2,11,6,0.1764705882352941,0.11764705882352941,3.0
750,2,3,10,5,0.11764705882352941,0.1764705882352941,3.0
751,0,3,7,3,0.0,0.1764705882352941,1.0
752,0,1,5,4,0.0,0.058823529411764705,1.0
753,2,4,9,5,0.11764705882352941,0.23529411764705882,2.5
754,4,4,8,4,0.23529411764705882,0.23529411764705882,3.125
755,4,3,4,2,0.23529411764705882,0.1764705882352941,3.0
756,3,0,1,0,0.1764705882352941,0.0,3.875
757,3,1,4,3,0.1764705882352941,0.058823529411764705,3.0416666666666665
758,4,1,3,2,0.23529411764705882,0.058823529411764705,3.385416666666667
759,5,1,2,1,0.29411764705882354,0.058823529411764705,3.6770833333333335
760,5,1,2,1,0.29411764705882354,0.058823529411764705,2.825
761,3,1,2,1,0.1764705882352941,0.058823529411764705,3.708333333333333
762,5,0,1,0,0.29411764705882354,0.0,4.142083333333334
763,0,4,10,6,0.0,0.2222222222222222,1.0
764,0,2,7,4,0.0,0.1111111111111111,1.0
765,0,8,13,6,0.0,0.4444444444444444,1.0
766,1,5,10,5,0.05555555555555555,0.2777777777777778,2.0
767,0,7,14,7,0.0,0.38888888888888884,1.0
768,3,3,6,3,0.16666666666666666,0.16666666666666666,2.0
769,1,4,10,6,0.05555555555555555,0.2222222222222222,2.0
770,0,3,4,1,0.0,0.16666666666666666,1.0
771,2,1,8,5,0.1111111111111111,0.05555555555555555,2.5
772,2,2,7,4,0.1111111111111111,0.1111111111111111,3.25
773,2,2,5,3,0.1111111111111111,0.1111111111111111,3.125
774,5,0,1,0,0.2777777777777778,0.0,2.65
775,2,1,2,1,0.1111111111111111,0.05555555555555555,2.5
776,5,2,4,2,0.2777777777777778,0.1111111111111111,3.0250000000000004
777,2,1,2,1,0.1111111111111111,0.05555555555555555,2.0
778,4,2,3,1,0.2222222222222222,0.1111111111111111,3.00625
779,7,0,1,0,0.38888888888888884,0.0,2.9330357142857144
780,6,0,1,0,0.3333333333333333,0.0,2.6885416666666666
781,5,0,1,0,0.2777777777777778,0.0,2.6
782,0,6,16,7,0.0,0.3333333333333333,1.0
783,0,6,16,6,0.0,0.3333333333333333,1.0
784,0,10,15,6,0.0,0.5555555555555556,1.0
785,1,3,12,5,0.05555555555555555,0.16666666666666666,2.0
786,1,8,15,6,0.05555555555555555,0.4444444444444444,2.0
787,5,5,11,4,0.2777777777777778,0.2777777777777778,2.4
788,4,2,7,3,0.2222222222222222,0.1111111111111111,2.6
789,3,3,11,5,0.16666666666666666,0.16666666666666666,2.333333333333333
790,4,5,10,4,0.2222222222222222,0.2777777777777778,2.583333333333333
791,3,2,9,3,0.16666666666666666,0.1111111111111111,2.8611111111111107
792,5,3,5,2,0.2777777777777778,0.16666666666666666,3.4755555555555557
793,4,2,3,2,0.2222222222222222,0.1111111111111111,3.0652777777777778
794,5,1,2,1,0.2777777777777778,0.05555555555555555,2.8
795,4,1,2,1,0.2222222222222222,0.05555555555555555,3.3647222222222224
796,3,0,1,0,0.16666666666666666,0.0,3.352962962962963
797,2,1,2,1,0.1111111111111111,0.05555555555555555,3.032638888888889
798,2,0,1,0,0.1111111111111111,0.0,3.9044444444444446
799,4,0,1,0,0.2222222222222222,0.0,3.0244791666666666
800,8,0,1,0,0.4444444444444444,0.0,3.1435069444444443
801,0,6,20,10,0.0,0.3157894736842105,1.0
802,1,6,17,9,0.05263157894736842,0.3157894736842105,2.0
803,1,5,17,8,0.05263157894736842,0.2631578947368421,2.0
804,1,8,16,8,0.05263157894736842,0.42105263157894735,3.0
805,3,2,15,7,0.15789473684210525,0.10526315789473684,3.333333333333333
806,1,5,15,7,0.05263157894736842,0.2631578947368421,3.0
807,4,2,14,6,0.21052631578947367,0.10526315789473684,3.333333333333333
808,2,5,12,5,0.10526315789473684,0.2631578947368421,4.166666666666666
809,2,2,4,2,0.10526315789473684,0.10526315789473684,3.583333333333333
810,2,2,6,4,0.10526315789473684,0.10526315789473684,4.583333333333333
811,3,3,6,4,0.15789473684210525,0.15789473684210525,3.7222222222222223
812,1,1,2,1,0.05263157894736842,0.05263157894736842,4.583333333333333
813,1,3,4,1,0.05263157894736842,0.15789473684210525,4.333333333333333
814,6,2,4,3,0.3157894736842105,0.10526315789473684,4.273148148148148
815,3,1,3,2,0.15789473684210525,0.05263157894736842,4.091049382716049
816,7,0,1,0,0.3684210526315789,0.0,4.031746031746032
817,1,0,1,0,0.05263157894736842,0.0,5.583333333333333
818,5,0,1,0,0.2631578947368421,0.0,3.783333333333333
819,6,1,2,1,0.3157894736842105,0.05263157894736842,4.708847736625514
820,4,0,1,0,0.21052631578947367,0.0,5.156378600823045
821,0,6,14,6,0.0,0.3157894736842105,1.0
822,1,2,7,3,0.05263157894736842,0.10526315789473684,2.0
823,1,3,12,5,0.05263157894736842,0.15789473684210525,2.0
824,0,8,13,5,0.0,0.42105263157894735,1.0
825,1,4,9,4,0.05263157894736842,0.21052631578947367,3.0
826,0,2,6,3,0.0,0.10526315789473684,1.0
827,0,4,9,4,0.0,0.21052631578947367,1.0
828,0,6,8,4,0.0,0.3157894736842105,1.0
829,5,2,6,3,0.2631578947368421,0.10526315789473684,2.4
830,1,6,11,4,0.05263157894736842,0.3157894736842105,2.0
831,2,2,3,1,0.10526315789473684,0.10526315789473684,2.5
832,3,6,9,3,0.15789473684210525,0.3157894736842105,2.6666666666666665
833,9,4,5,2,0.47368421052631576,0.21052631578947367,2.785185185185185
834,5,3,4,1,0.2631578947368421,0.15789473684210525,3.1333333333333333
835,2,0,1,0,0.10526315789473684,0.0,3.0666666666666664
836,5,1,2,1,0.2631578947368421,0.05263157894736842,2.7333333333333334
837,6,0,1,0,0.3157894736842105,0.0,3.219753086419753
838,4,2,3,1,0.21052631578947367,0.10526315789473684,2.862962962962963
839,6,0,1,0,0.3157894736842105,0.0,3.4913580246913583
840,10,0,1,0,0.5263157894736842,0.0,2.9548148148148146
841,0,6,17,7,0.0,0.3157894736842105,1.0
842,0,6,15,7,0.0,0.3157894736842105,1.0
843,2,8,14,6,0.10526315789473684,0.42105263157894735,2.0
844,2,9,13,5,0.10526315789473684,0.47368421052631576,2.5
845,1,3,12,5,0.05263157894736842,0.15789473684210525,2.0
846,0,4,13,6,0.0,0.21052631578947367,1.0
847,1,2,8,5,0.05263157894736842,0.10526315789473684,2.0
848,3,2,3,1,0.15789473684210525,0.10526315789473684,3.1666666666666665
849,1,3,9,4,0.05263157894736842,0.15789473684210525,3.5
850,2,4,10,4,0.10526315789473684,0.21052631578947367,2.5
851,3,3,5,3,0.15789473684210525,0.15789473684210525,3.0
852,3,1,4,3,0.15789473684210525,0.05263157894736842,3.6666666666666665
853,3,2,7,4,0.15789473684210525,0.10526315789473684,2.833333333333333
854,6,3,6,3,0.3157894736842105,0.15789473684210525,3.388888888888889
855,6,1,3,2,0.3157894736842105,0.05263157894736842,3.7592592592592595
856,5,1,2,1,0.2631578947368421,0.05263157894736842,3.051851851851852
857,7,0,1,0,0.3684210526315789,0.0,3.2698412698412698
858,5,0,1,0,0.2631578947368421,0.0,2.977777777777778
859,4,0,1,0,0.21052631578947367,0.0,3.75
860,4,0,1,0,0.21052631578947367,0.0,3.5546296296296296
861,0,7,10,5,0.0,0.3684210526315789,1.0
862,0,6,12,6,0.0,0.3157894736842105,1.0
863,1,6,11,5,0.05263157894736842,0.3157894736842105,2.0
864,0,5,9,4,0.0,0.2631578947368421,1.0
865,0,6,13,6,0.0,0.3157894736842105,1.0
866,1,5,9,5,0.05263157894736842,0.2631578947368421,2.0
867,3,2,4,2,0.15789473684210525,0.10526315789473684,2.333333333333333
868,1,4,9,5,0.05263157894736842,0.21052631578947367,2.0
869,3,2,6,4,0.15789473684210525,0.10526315789473684,2.6666666666666665
870,4,2,5,3,0.21052631578947367,0.10526315789473684,2.416666666666667
871,0,6,10,5,0.0,0.3157894736842105,1.0
872,4,3,7,4,0.21052631578947367,0.15789473684210525,2.5
873,3,3,5,3,0.15789473684210525,0.15789473684210525,2.833333333333333
874,6,0,1,0,0.3157894736842105,0.0,2.875
875,7,1,2,1,0.3684210526315789,0.05263157894736842,2.6904761904761907
876,1,1,2,1,0.05263157894736842,0.05263157894736842,2.0
877,6,1,3,2,0.3157894736842105,0.05263157894736842,2.7916666666666665
878,5,0,1,0,0.2631578947368421,0.0,2.4
879,7,1,2,1,0.3684210526315789,0.05263157894736842,2.732142857142857
880,9,0,1,0,0.47368421052631576,0.0,2.9914021164021163
881,0,6,15,7,0.0,0.3157894736842105,1.0
882,1,3,11,6,0.05263157894736842,0.15789473684210525,2.0
883,0,8,13,7,0.0,0.42105263157894735,1.0
884,0,4,15,7,0.0,0.21052631578947367,1.0
885,1,6,11,6,0.05263157894736842,0.3157894736842105,2.0
886,2,6,13,6,0.10526315789473684,0.3157894736842105,2.0
887,3,4,7,5,0.15789473684210525,0.21052631578947367,2.333333333333333
888,4,1,6,4,0.21052631578947367,0.05263157894736842,2.5
889,1,3,6,4,0.05263157894736842,0.15789473684210525,3.0
890,2,4,8,4,0.10526315789473684,0.21052631578947367,2.5
891,2,3,9,5,0.10526315789473684,0.15789473684210525,3.0
892,2,2,5,2,0.10526315789473684,0.10526315789473684,2.5
893,3,4,6,4,0.15789473684210525,0.21052631578947367,3.111111111111111
894,7,1,5,3,0.3684210526315789,0.05263157894736842,3.3015873015873014
895,4,3,4,2,0.21052631578947367,0.15789473684210525,3.2837301587301586
896,4,1,2,1,0.21052631578947367,0.05263157894736842,3.125
897,8,2,3,1,0.42105263157894735,0.10526315789473684,3.4035218253968256
898,4,0,1,0,0.21052631578947367,0.0,3.40625
899,5,0,1,0,0.2631578947368421,0.0,3.5596726190476193
900,8,0,1,0,0.42105263157894735,0.0,3.578962053571429
901,0,6,18,10,0.0,0.30000000000000004,1.0
902,0,5,17,9,0.0,0.25,1.0
903,1,4,16,9,0.05,0.2,2.0
904,1,5,14,8,0.05,0.25,2.0
905,1,3,15,8,0.05,0.15000000000000002,2.0
906,2,4,7,5,0.1,0.2,2.5
907,1,3,14,8,0.05,0.15000000000000002,3.0
908,3,4,13,7,0.15000000000000002,0.2,3.333333333333333
909,2,5,12,6,0.1,0.25,3.6666666666666665
910,1,4,8,3,0.05,0.2,4.666666666666666
911,4,3,8,5,0.2,0.15000000000000002,3.4166666666666665
912,1,3,7,4,0.05,0.15000000000000002,3.0
913,5,0,1,0,0.25,0.0,3.8833333333333333
914,1,1,3,2,0.05,0.05,5.666666666666666
915,2,2,6,4,0.1,0.1,3.958333333333333
916,5,2,5,3,0.25,0.1,3.7583333333333337
917,5,1,2,1,0.25,0.05,4.266666666666667
918,6,1,3,2,0.30000000000000004,0.05,3.8138888888888887
919,6,0,1,0,0.30000000000000004,0.0,4.004166666666666
920,6,1,2,1,0.30000000000000004,0.05,4.093981481481482
921,4,0,1,0,0.2,0.0,4.14849537037037
922,0,5,16,7,0.0,0.25,1.0
923,0,7,19,7,0.0,0.35000000000000003,1.0
924,2,6,14,6,0.1,0.30000000000000004,2.0
925,1,1,4,2,0.05,0.05,2.0
926,2,3,13,5,0.1,0.15000000000000002,2.5
927,1,7,16,5,0.05,0.35000000000000003,2.0
928,2,1,2,1,0.1,0.05,2.5
929,3,4,10,4,0.15000000000000002,0.2,3.1666666666666665
930,2,4,7,3,0.1,0.2,3.583333333333333
931,1,2,5,3,0.05,0.1,3.0
932,3,2,3,1,0.15000000000000002,0.1,3.388888888888889
933,1,2,3,1,0.05,0.1,3.0
934,4,1,3,2,0.2,0.05,3.125
935,2,2,5,3,0.1,0.1,3.25
936,3,1,2,1,0.15000000000000002,0.05,4.291666666666666
937,3,2,4,2,0.15000000000000002,0.1,3.944444444444444
938,5,0,1,0,0.25,0.0,3.8361111111111112
939,2,0,1,0,0.1,0.0,4.194444444444445
940,3,1,2,1,0.15000000000000002,0.05,3.7314814814814814
941,6,1,2,1,0.30000000000000004,0.05,3.449074074074074
942,6,0,1,0,0.30000000000000004,0.0,3.7939814814814814
943,0,8,20,8,0.0,0.4,1.0
944,1,5,12,6,0.05,0.25,2.0
945,1,7,15,7,0.05,0.35000000000000003,2.0
946,2,2,12,6,0.1,0.1,2.5
947,1,2,9,5,0.05,0.1,2.0
948,1,3,9,5,0.05,0.15000000000000002,3.0
949,1,2,8,4,0.05,0.1,3.0
950,1,3,11,5,0.05,0.15000000000000002,3.5
951,3,1,8,4,0.15000000000000002,0.05,3.1666666666666665
952,1,2,9,5,0.05,0.1,3.0
953,1,2,10,5,0.05,0.1,3.0
954,6,2,8,4,0.30000000000000004,0.1,3.7500000000000004
955,0,3,9,4,0.0,0.15000000000000002,1.0
956,6,2,7,3,0.30000000000000004,0.1,3.6527777777777777
957,4,4,6,2,0.2,0.2,3.9131944444444446
958,3,1,2,1,0.15000000000000002,0.05,3.5
959,1,2,3,1,0.05,0.1,4.913194444444445
960,7,1,2,1,0.35000000000000003,0.05,3.523313492063492
961,1,0,1,0,0.05,0.0,5.913194444444445
962,6,0,1,0,0.30000000000000004,0.0,4.0148809523809526
963,5,0,1,0,0.25,0.0,3.5652777777777778
964,0,4,10,4,0.0,0.2,1.0
965,0,7,20,8,0.0,0.35000000000000003,1.0
966,1,7,17,7,0.05,0.35000000000000003,2.0
967,1,6,16,7,0.05,0.30000000000000004,2.0
968,2,7,13,6,0.1,0.35000000000000003,3.0
969,1,9,14,6,0.05,0.45,3.0
970,2,7,13,6,0.1,0.35000000000000003,2.5
971,2,9,11,5,0.1,0.45,3.0
972,3,5,9,5,0.15000000000000002,0.25,3.833333333333333
973,2,2,4,2,0.1,0.1,3.0
974,7,1,2,1,0.35000000000000003,0.05,3.4761904761904763
975,4,3,7,3,0.2,0.15000000000000002,3.625
976,5,3,7,4,0.25,0.15000000000000002,3.966666666666667
977,4,1,2,1,0.2,0.05,3.125
978,7,1,6,3,0.35000000000000003,0.05,3.4238095238095236
979,7,3,5,2,0.35000000000000003,0.15000000000000002,3.6974489795918366
980,7,0,1,0,0.35000000000000003,0.0,4.270043731778426
981,7,2,3,1,0.35000000000000003,0.1,4.142492711370262
982,4,1,2,1,0.2,0.05,4.03125
983,9,0,1,0,0.45,0.0,4.244947224921715
984,3,0,1,0,0.15000000000000002,0.0,4.380830903790088
985,0,9,20,8,0.0,0.45,1.0
986,1,5,14,6,0.05,0.25,2.0
987,0,2,10,5,0.0,0.1,1.0
988,1,3,10,5,0.05,0.15000000000000002,3.0
989,4,2,8,4,0.2,0.1,2.75
990,1,8,15,7,0.05,0.4,2.0
991,1,5,14,6,0.05,0.25,3.0
992,2,5,12,5,0.1,0.25,3.5
993,1,5,10,5,0.05,0.25,3.0
994,1,3,8,5,0.05,0.15000000000000002,4.0
995,4,2,7,4,0.2,0.1,3.625
996,2,3,6,4,0.1,0.15000000000000002,4.25
997,6,1,5,3,0.30000000000000004,0.05,3.25
998,6,3,4,3,0.30000000000000004,0.15000000000000002,4.0625
999,4,2,5,3,0.2,0.1,3.5625
1000,2,2,3,2,0.1,0.1,4.40625
1001,6,2,4,2,0.30000000000000004,0.1,3.802083333333333
1002,4,1,2,1,0.2,0.05,4.106770833333333
1003,5,1,2,1,0.25,0.05,4.09375
1004,7,0,1,0,0.35000000000000003,0.0,4.2741815476190474
1005,6,0,1,0,0.30000000000000004,0.0,4.602430555555555
1006,0,7,20,10,0.0,0.3333333333333333,1.0
1007,0,7,17,10,0.0,0.3333333333333333,1.0
1008,1,5,14,9,0.047619047619047616,0.23809523809523808,2.0
1009,1,4,16,9,0.047619047619047616,0.19047619047619047,2.0
1010,2,4,14,8,0.09523809523809523,0.19047619047619047,2.5
1011,2,4,14,9,0.09523809523809523,0.19047619047619047,2.0
1012,3,3,13,8,0.14285714285714285,0.14285714285714285,2.6666666666666665
1013,0,3,13,8,0.0,0.14285714285714285,1.0
1014,6,5,12,7,0.2857142857142857,0.23809523809523808,2.861111111111111
1015,3,3,8,5,0.14285714285714285,0.14285714285714285,2.833333333333333
1016,1,2,9,6,0.047619047619047616,0.09523809523809523,3.0
1017,1,1,2,1,0.047619047619047616,0.047619047619047616,3.861111111111111
1018,2,5,9,6,0.09523809523809523,0.23809523809523808,2.930555555555556
1019,3,0,1,0,0.14285714285714285,0.0,3.287037037037037
1020,3,2,8,5,0.14285714285714285,0.09523809523809523,3.310185185185185
1021,4,2,7,4,0.19047619047619047,0.09523809523809523,3.7511574074074074
1022,4,2,5,3,0.19047619047619047,0.09523809523809523,3.396122685185185
1023,3,2,4,2,0.14285714285714285,0.09523809523809523,3.997781635802469
1024,6,1,2,1,0.2857142857142857,0.047619047619047616,3.9649080504115224
1025,7,0,1,0,0.3333333333333333,0.0,3.3559854497354493
1026,5,0,1,0,0.23809523809523808,0.0,3.830539480452675
1027,5,0,1,0,0.23809523809523808,0.0,3.399556327160494
1028,0,7,19,8,0.0,0.3333333333333333,1.0
1029,0,10,19,8,0.0,0.47619047619047616,1.0
1030,0,3,9,5,0.0,0.14285714285714285,1.0
1031,1,8,15,7,0.047619047619047616,0.38095238095238093,2.0
1032,2,5,16,7,0.09523809523809523,0.23809523809523808,2.0
1033,2,4,9,5,0.09523809523809523,0.19047619047619047,2.0
1034,1,8,11,5,0.047619047619047616,0.38095238095238093,2.0
1035,3,3,14,6,0.14285714285714285,0.14285714285714285,2.6666666666666665
1036,2,2,6,4,0.09523809523809523,0.09523809523809523,3.0
1037,3,7,12,5,0.14285714285714285,0.3333333333333333,3.2222222222222223
1038,4,1,2,1,0.19047619047619047,0.047619047619047616,3.0555555555555554
1039,4,0,1,0,0.19047619047619047,0.0,2.8055555555555554
1040,5,1,5,4,0.23809523809523808,0.047619047619047616,3.0444444444444447
1041,3,4,6,4,0.14285714285714285,0.19047619047619047,3.074074074074074
1042,5,1,4,3,0.23809523809523808,0.047619047619047616,3.1333333333333333
1043,5,1,4,3,0.23809523809523808,0.047619047619047616,3.348148148148148
1044,5,2,3,2,0.23809523809523808,0.09523809523809523,3.0844444444444443
1045,1,1,4,3,0.047619047619047616,0.047619047619047616,4.044444444444444
1046,3,1,3,2,0.14285714285714285,0.047619047619047616,3.4518518518518517
1047,7,1,3,2,0.3333333333333333,0.047619047619047616,3.6201058201058203
1048,8,1,2,1,0.38095238095238093,0.047619047619047616,3.6815873015873013
1049,7,0,1,0,0.3333333333333333,0.0,3.2602267573696144
1050,0,5,16,6,0.0,0.23809523809523808,1.0
1051,0,5,19,8,0.0,0.23809523809523808,1.0
1052,1,4,13,6,0.047619047619047616,0.19047619047619047,2.0
1053,1,6,16,7,0.047619047619047616,0.2857142857142857,2.0
1054,1,6,12,6,0.047619047619047616,0.2857142857142857,3.0
1055,2,4,12,5,0.09523809523809523,0.19047619047619047,2.5
1056,1,6,9,5,0.047619047619047616,0.2857142857142857,4.0
1057,1,3,10,5,0.047619047619047616,0.14285714285714285,2.0
1058,0,2,3,2,0.0,0.09523809523809523,1.0
1059,3,4,9,4,0.14285714285714285,0.19047619047619047,3.1666666666666665
1060,3,4,9,5,0.14285714285714285,0.19047619047619047,3.0
1061,4,2,5,3,0.19047619047619047,0.09523809523809523,3.791666666666667
1062,4,1,6,4,0.19047619047619047,0.047619047619047616,3.625
1063,5,3,6,3,0.23809523809523808,0.14285714285714285,3.1333333333333333
1064,2,3,6,4,0.09523809523809523,0.14285714285714285,3.5
1065,2,1,2,1,0.09523809523809523,0.047619047619047616,3.066666666666667
1066,3,0,1,0,0.14285714285714285,0.0,4.388888888888889
1067,4,2,5,3,0.19047619047619047,0.09523809523809523,4.03125
1068,6,3,4,2,0.2857142857142857,0.14285714285714285,4.242708333333333
1069,9,1,2,1,0.42857142857142855,0.047619047619047616,3.8380787037037036
1070,7,0,1,0,0.3333333333333333,0.0,4.138624338624338
1071,6,0,1,0,0.2857142857142857,0.0,4.207118055555555
1072,0,9,23,9,0.0,0.4090909090909091,1.0
1073,1,8,21,8,0.045454545454545456,0.36363636363636365,2.0
1074,2,7,18,7,0.09090909090909091,0.3181818181818182,2.5
1075,1,2,3,1,0.045454545454545456,0.09090909090909091,3.0
1076,1,4,9,4,0.045454545454545456,0.18181818181818182,3.0
1077,1,7,17,6,0.045454545454545456,0.3181818181818182,3.5
1078,1,6,13,5,0.045454545454545456,0.2727272727272727,4.5
1079,1,5,8,3,0.045454545454545456,0.2272727272727273,2.0
1080,3,3,12,5,0.13636363636363635,0.13636363636363635,3.333333333333333
1081,3,5,12,5,0.13636363636363635,0.2272727272727273,3.6666666666666665
1082,2,5,11,4,0.09090909090909091,0.2272727272727273,4.916666666666666
1083,2,7,11,4,0.09090909090909091,0.3181818181818182,3.333333333333333
1084,7,3,5,2,0.3181818181818182,0.13636363636363635,4.607142857142857
1085,3,7,8,3,0.13636363636363635,0.3181818181818182,4.444444444444445
1086,5,0,1,0,0.2272727272727273,0.0,3.95
1087,3,3,6,3,0.13636363636363635,0.13636363636363635,4.305555555555555
1088,6,3,5,2,0.2727272727272727,0.13636363636363635,4.393518518518518
1089,6,0,1,0,0.2727272727272727,0.0,4.407517636684303
1090,7,4,5,2,0.3181818181818182,0.18181818181818182,4.416666666666666
1091,6,0,1,0,0.2727272727272727,0.0,4.685185185185185
1092,11,1,2,1,0.5,0.045454545454545456,4.7879389129389125
1093,6,0,1,0,0.2727272727272727,0.0,4.635952781786115
1094,11,0,1,0,0.5,0.0,4.51521164021164
1095,0,5,21,11,0.0,0.2272727272727273,1.0
1096,1,5,20,10,0.045454545454545456,0.2272727272727273,2.0
1097,0,6,16,8,0.0,0.2727272727272727,1.0
1098,1,10,19,9,0.045454545454545456,0.4545454545454546,3.0
1099,3,3,13,7,0.13636363636363635,0.13636363636363635,2.6666666666666665
1100,0,1,14,8,0.0,0.045454545454545456,1.0
1101,2,5,12,5,0.09090909090909091,0.2272727272727273,3.5
1102,2,8,16,8,0.09090909090909091,0.36363636363636365,3.0
1103,4,4,13,7,0.18181818181818182,0.18181818181818182,3.0
1104,3,4,12,6,0.13636363636363635,0.18181818181818182,3.888888888888889
1105,3,1,2,1,0.13636363636363635,0.045454545454545456,3.5
1106,3,6,10,5,0.13636363636363635,0.2727272727272727,3.6296296296296298
1107,3,1,7,4,0.13636363636363635,0.045454545454545456,3.5
1108,2,3,6,3,0.09090909090909091,0.13636363636363635,4.314814814814815
1109,3,4,8,4,0.13636363636363635,0.18181818181818182,4.6728395061728385
1110,8,4,6,3,0.36363636363636365,0.18181818181818182,4.121141975308642
1111,6,1,2,1,0.2727272727272727,0.045454545454545456,4.456404320987654
1112,6,0,1,0,0.2727272727272727,0.0,3.731481481481482
1113,4,1,3,2,0.18181818181818182,0.045454545454545456,4.030285493827161
1114,5,0,1,0,0.2272727272727273,0.0,4.9043981481481485
1115,5,2,3,2,0.2272727272727273,0.09090909090909091,4.823456790123457
1116,7,1,2,1,0.3181818181818182,0.045454545454545456,4.790944664902998
1117,4,0,1,0,0.18181818181818182,0.0,4.82026703042328
1118,0,9,22,8,0.0,0.4090909090909091,1.0
1119,1,7,15,6,0.045454545454545456,0.3181818181818182,2.0
1120,1,8,20,7,0.045454545454545456,0.36363636363636365,2.0
1121,0,4,13,5,0.0,0.18181818181818182,1.0
1122,1,6,17,6,0.045454545454545456,0.2727272727272727,3.0
1123,3,5,12,5,0.13636363636363635,0.2272727272727273,2.6666666666666665
1124,2,5,9,4,0.09090909090909091,0.2272727272727273,3.333333333333333
1125,2,7,15,5,0.09090909090909091,0.3181818181818182,3.0
1126,3,1,5,3,0.13636363636363635,0.045454545454545456,2.6666666666666665
1127,3,7,10,4,0.13636363636363635,0.3181818181818182,3.0
1128,4,3,7,3,0.18181818181818182,0.13636363636363635,4.0
1129,1,5,12,4,0.045454545454545456,0.2272727272727273,4.0
1130,4,4,6,2,0.18181818181818182,0.18181818181818182,3.6666666666666665
1131,4,3,4,2,0.18181818181818182,0.13636363636363635,4.583333333333333
1132,2,5,6,3,0.09090909090909091,0.2272727272727273,4.0
1133,3,1,2,1,0.13636363636363635,0.045454545454545456,3.5555555555555554
1134,5,2,4,2,0.2272727272727273,0.09090909090909091,3.7333333333333334
1135,8,1,2,1,0.36363636363636365,0.045454545454545456,4.08125
1136,11,0,1,0,0.5,0.0,4.121022727272727
1137,6,0,1,0,0.2727272727272727,0.0,3.833333333333333
1138,5,0,1,0,0.2272727272727273,0.0,4.116666666666667
1139,8,0,1,0,0.36363636363636365,0.0,3.916666666666667
1140,6,0,1,0,0.2727272727272727,0.0,4.381481481481481
1141,0,9,17,6,0.0,0.4090909090909091,1.0
1142,1,3,6,3,0.045454545454545456,0.13636363636363635,2.0
1143,0,9,18,8,0.0,0.4090909090909091,1.0
1144,0,7,16,8,0.0,0.3181818181818182,1.0
1145,2,6,14,7,0.09090909090909091,0.2727272727272727,2.0
1146,3,6,12,6,0.13636363636363635,0.2727272727272727,2.333333333333333
1147,2,3,8,5,0.09090909090909091,0.13636363636363635,2.666666666666667
1148,3,6,9,5,0.13636363636363635,0.2727272727272727,2.0
1149,2,2,4,2,0.09090909090909091,0.09090909090909091,3.3333333333333335
1150,1,1,5,2,0.045454545454545456,0.045454545454545456,2.0
1151,5,2,4,2,0.2272727272727273,0.09090909090909091,2.6666666666666665
1152,2,3,4,1,0.09090909090909091,0.13636363636363635,2.5
1153,1,4,7,3,0.045454545454545456,0.18181818181818182,2.0
1154,0,1,2,1,0.0,0.045454545454545456,1.0
1155,6,2,5,4,0.2727272727272727,0.09090909090909091,2.8333333333333335
1156,4,1,4,3,0.18181818181818182,0.045454545454545456,2.791666666666667
1157,5,1,2,1,0.2272727272727273,0.045454545454545456,2.9333333333333336
1158,5,0,1,0,0.2272727272727273,0.0,2.7666666666666666
1159,4,2,3,2,0.18181818181818182,0.09090909090909091,2.947916666666667
1160,6,0,1,0,0.2727272727272727,0.0,3.4055555555555554
1161,3,0,1,0,0.13636363636363635,0.0,2.833333333333333
1162,6,1,2,1,0.2727272727272727,0.045454545454545456,3.2690972222222223
1163,8,0,1,0,0.36363636363636365,0.0,3.339626736111111
1164,0,8,18,8,0.0,0.36363636363636365,1.0
1165,0,7,18,6,0.0,0.3181818181818182,1.0
1166,1,4,15,7,0.045454545454545456,0.18181818181818182,2.0
1167,1,2,10,5,0.045454545454545456,0.09090909090909091,2.0
1168,1,5,16,7,0.045454545454545456,0.2272727272727273,2.0
1169,1,4,13,5,0.045454545454545456,0.18181818181818182,2.0
1170,3,2,11,6,0.13636363636363635,0.09090909090909091,2.6666666666666665
1171,4,6,12,4,0.18181818181818182,0.2727272727272727,2.5
1172,2,3,10,5,0.09090909090909091,0.13636363636363635,3.333333333333333
1173,1,3,12,5,0.045454545454545456,0.13636363636363635,2.0
1174,4,2,7,3,0.18181818181818182,0.09090909090909091,2.625
1175,1,2,4,2,0.045454545454545456,0.09090909090909091,2.0
1176,4,2,5,2,0.18181818181818182,0.09090909090909091,3.28125
1177,4,1,9,4,0.18181818181818182,0.045454545454545456,3.5
1178,3,2,8,3,0.13636363636363635,0.09090909090909091,3.333333333333333
1179,2,3,5,2,0.09090909090909091,0.13636363636363635,3.9166666666666665
1180,5,0,1,0,0.2272727272727273,0.0,3.15625
1181,3,0,1,0,0.13636363636363635,0.0,4.083333333333334
1182,3,1,3,2,0.13636363636363635,0.045454545454545456,3.611111111111111
1183,4,2,3,1,0.18181818181818182,0.09090909090909091,3.799479166666667
1184,3,1,2,1,0.13636363636363635,0.045454545454545456,3.7453703703703702
1185,7,0,1,0,0.3181818181818182,0.0,3.6373594576719572
1186,3,0,1,0,0.13636363636363635,0.0,3.7109375
1187,0,6,20,9,0.0,0.2608695652173913,1.0
1188,1,8,19,8,0.043478260869565216,0.34782608695652173,2.0
1189,0,5,18,9,0.0,0.21739130434782608,1.0
1190,1,3,12,8,0.043478260869565216,0.13043478260869565,2.0
1191,0,6,18,8,0.0,0.2608695652173913,1.0
1192,2,2,10,7,0.08695652173913043,0.08695652173913043,3.0
1193,2,4,9,4,0.08695652173913043,0.17391304347826086,2.5
1194,4,6,15,7,0.17391304347826086,0.2608695652173913,2.25
1195,3,4,8,6,0.13043478260869565,0.17391304347826086,2.75
1196,1,3,9,5,0.043478260869565216,0.13043478260869565,2.0
1197,2,3,9,6,0.08695652173913043,0.13043478260869565,3.625
1198,3,1,2,1,0.13043478260869565,0.043478260869565216,2.833333333333333
1199,3,2,7,5,0.13043478260869565,0.08695652173913043,3.458333333333333
1200,1,2,4,2,0.043478260869565216,0.08695652173913043,3.25
1201,4,2,6,4,0.17391304347826086,0.08695652173913043,3.302083333333333
1202,3,3,7,4,0.13043478260869565,0.13043478260869565,3.083333333333333
1203,3,0,1,0,0.13043478260869565,0.0,3.3055555555555554
1204,5,4,5,3,0.21739130434782608,0.17391304347826086,3.560416666666667
1205,4,1,4,3,0.17391304347826086,0.043478260869565216,3.864583333333333
1206,5,1,3,2,0.21739130434782608,0.043478260869565216,3.9766666666666666
1207,5,1,2,1,0.21739130434782608,0.043478260869565216,3.4725
1208,5,1,2,1,0.21739130434782608,0.043478260869565216,3.066666666666667
1209,4,1,2,1,0.17391304347826086,0.043478260869565216,4.384270833333334
1210,8,0,1,0,0.34782608695652173,0.0,3.8886067708333334
1211,0,7,21,9,0.0,0.30434782608695654,1.0
1212,1,5,19,8,0.043478260869565216,0.21739130434782608,2.0
1213,0,9,19,7,0.0,0.3913043478260869,1.0
1214,0,4,19,8,0.0,0.17391304347826086,1.0
1215,1,6,9,3,0.043478260869565216,0.2608695652173913,2.0
1216,2,4,18,7,0.08695652173913043,0.17391304347826086,2.5
1217,2,6,17,6,0.08695652173913043,0.2608695652173913,2.75
1218,1,4,12,4,0.043478260869565216,0.17391304347826086,2.0
1219,4,6,15,5,0.17391304347826086,0.2608695652173913,2.8125
1220,1,8,12,4,0.043478260869565216,0.34782608695652173,3.8125
1221,5,4,6,2,0.21739130434782608,0.17391304347826086,3.475
1222,5,1,2,1,0.21739130434782608,0.043478260869565216,3.1125
1223,4,5,8,3,0.17391304347826086,0.21739130434782608,3.40625
1224,1,1,5,3,0.043478260869565216,0.043478260869565216,3.8125
1225,4,2,6,2,0.17391304347826086,0.08695652173913043,3.3046875
1226,4,3,4,2,0.17391304347826086,0.13043478260869565,2.953125
1227,2,1,3,2,0.08695652173913043,0.043478260869565216,4.3125
1228,3,0,1,0,0.13043478260869565,0.0,2.9166666666666665
1229,6,1,3,2,0.2608695652173913,0.043478260869565216,3.7447916666666665
1230,9,1,2,1,0.3913043478260869,0.043478260869565216,4.112094907407407
1231,9,0,1,0,0.3913043478260869,0.0,3.874607767489712
1232,8,2,3,1,0.34782608695652173,0.08695652173913043,3.2537109375
1233,5,0,1,0,0.21739130434782608,0.0,4.017617187500001
1234,3,0,1,0,0.13043478260869565,0.0,3.6887369791666664
1235,0,4,13,7,0.0,0.17391304347826086,1.0
1236,0,9,21,12,0.0,0.3913043478260869,1.0
1237,1,8,19,11,0.043478260869565216,0.34782608695652173,2.0
1238,1,3,18,10,0.043478260869565216,0.13043478260869565,3.0
1239,0,10,18,10,0.0,0.43478260869565216,1.0
1240,1,5,18,10,0.043478260869565216,0.21739130434782608,2.0
1241,5,7,17,9,0.21739130434782608,0.30434782608695654,2.8
1242,2,7,16,8,0.08695652173913043,0.30434782608695654,3.4
1243,0,7,15,8,0.0,0.30434782608695654,1.0
1244,7,5,13,7,0.30434782608695654,0.21739130434782608,2.914285714285714
1245,4,6,12,7,0.17391304347826086,0.2608695652173913,3.05
1246,3,4,12,6,0.13043478260869565,0.17391304347826086,2.8
1247,6,4,11,6,0.2608695652173913,0.17391304347826086,2.9607142857142854
1248,6,3,10,5,0.2608695652173913,0.13043478260869565,3.1351190476190474
1249,7,3,8,4,0.30434782608695654,0.13043478260869565,2.8764455782312925
1250,5,2,6,3,0.21739130434782608,0.08695652173913043,3.1774319727891154
1251,7,2,8,5,0.30434782608695654,0.08695652173913043,3.073469387755102
1252,7,3,7,4,0.30434782608695654,0.13043478260869565,3.624186103012634
1253,7,2,6,3,0.30434782608695654,0.08695652173913043,3.5554838261835346
1254,9,3,5,2,0.3913043478260869,0.13043478260869565,3.542706819689327
1255,5,1,2,1,0.21739130434782608,0.043478260869565216,3.828864979098215
1256,5,0,1,0,0.21739130434782608,0.0,3.8443143597575085
1257,4,1,2,1,0.17391304347826086,0.043478260869565216,4.2819564668270935
1258,7,0,1,0,0.30434782608695654,0.0,4.289416015758425
1259,0,7,20,11,0.0,0.30434782608695654,1.0
1260,0,5,19,10,0.0,0.21739130434782608,1.0
1261,1,5,18,9,0.043478260869565216,0.21739130434782608,2.0
1262,0,6,20,11,0.0,0.2608695652173913,1.0
1263,1,5,19,10,0.043478260869565216,0.21739130434782608,2.0
1264,1,2,19,10,0.043478260869565216,0.08695652173913043,2.0
1265,3,4,18,9,0.13043478260869565,0.17391304347826086,2.6666666666666665
1266,4,8,16,8,0.17391304347826086,0.34782608695652173,2.6666666666666665
1267,1,6,13,7,0.043478260869565216,0.2608695652173913,3.6666666666666665
1268,1,6,11,4,0.043478260869565216,0.2608695652173913,3.6666666666666665
1269,5,3,7,3,0.21739130434782608,0.13043478260869565,2.7333333333333334
1270,3,5,12,6,0.13043478260869565,0.21739130434782608,3.222222222222222
1271,3,4,10,5,0.13043478260869565,0.17391304347826086,3.2962962962962963
1272,2,4,8,4,0.08695652173913043,0.17391304347826086,3.9814814814814814
1273,3,2,5,3,0.13043478260869565,0.08695652173913043,3.9876543209876543
1274,6,2,5,3,0.2608695652173913,0.08695652173913043,4.03395061728395
1275,7,2,4,2,0.30434782608695654,0.08695652173913043,3.8168430335097
1276,2,3,7,3,0.08695652173913043,0.13043478260869565,3.833333333333333
1277,6,2,4,2,0.2608695652173913,0.08695652173913043,4.0092592592592595
1278,8,2,3,1,0.34782608695652173,0.08695652173913043,3.887962962962963
1279,6,0,1,0,0.2608695652173913,0.0,3.589351851851852
1280,7,1,2,1,0.30434782608695654,0.043478260869565216,4.335386747291508
1281,8,0,1,0,0.34782608695652173,0.0,4.293077601410935
1282,6,0,1,0,0.2608695652173913,0.0,4.267471865289325
1283,0,6,18,9,0.0,0.2608695652173913,1.0
1284,0,2,17,9,0.0,0.08695652173913043,1.0
1285,0,9,19,10,0.0,0.3913043478260869,1.0
1286,0,6,17,8,0.0,0.2608695652173913,1.0
1287,0,5,16,9,0.0,0.21739130434782608,1.0
1288,1,7,17,9,0.043478260869565216,0.30434782608695654,2.0
1289,5,6,15,8,0.21739130434782608,0.2608695652173913,2.2
1290,3,7,14,7,0.13043478260869565,0.30434782608695654,2.4
1291,3,4,11,5,0.13043478260869565,0.17391304347826086,2.0
1292,3,3,8,6,0.13043478260869565,0.13043478260869565,3.2
1293,5,4,11,5,0.21739130434782608,0.17391304347826086,2.52
1294,2,3,7,5,0.08695652173913043,0.13043478260869565,3.8
1295,2,4,7,5,0.08695652173913043,0.17391304347826086,2.0
1296,2,3,7,4,0.08695652173913043,0.13043478260869565,2.5
1297,5,3,5,3,0.21739130434782608,0.13043478260869565,2.5039999999999996
1298,4,1,3,2,0.17391304347826086,0.043478260869565216,2.676
1299,8,1,6,4,0.34782608695652173,0.043478260869565216,3.3649999999999998
1300,7,3,5,3,0.30434782608695654,0.13043478260869565,3.4378571428571427
1301,4,2,3,2,0.17391304347826086,0.08695652173913043,3.5094642857142855
1302,3,1,3,2,0.13043478260869565,0.043478260869565216,3.34
1303,3,2,3,2,0.13043478260869565,0.08695652173913043,3.301333333333333
1304,7,1,2,1,0.30434782608695654,0.043478260869565216,3.16390306122449
1305,8,1,2,1,0.34782608695652173,0.043478260869565216,3.7848988095238094
1306,9,0,1,0,0.3913043478260869,0.0,3.639955498866213
